{"feature_order": ["commute_mode_encoded", "distance_km", "diet_type_encoded", "energy_usage_kWh"], "le_commute_classes": ["EV", "bike", "bus", "car", "train", "walk"], "le_diet_classes": ["mixed", "non-veg", "veg"], "scaler_mean": [2.4895, 60.07045606267452, 1.1175, 392.70383708190917], "scaler_scale": [1.284091020917131, 34.332421193707184, 0.8238287139933884, 172.3454945486684]}